,probe_name,probe_seq
0,PR_1_Actb_1,GAGCATCGTCGCCCGCGAAGGGGGTTGAATGGGTAGATTCACCTTACAATTTTTTACATCCGTACAATAAGTGGCTTATCAGCAGACCCTGATCATCAACGGAGGGGAATACAGCCCGGG
1,PR_1_Actb_2,GGAGCATCGTCGCCCGCGAAGGGGTTGAATGGGTAGATTCACCTTACAATTTTTTACATCCGTACAATAAGTGGCTTATCAGCAGACCCTGATCATCAACTGGAGGGGAATACAGCCCGG
2,PR_1_Actb_3,CATCACACCCTGGTGCCTAGGGGGTTGAATGGGTAGATTCACCTTACAATTTTTTACATCCGTACAATAAGTGGCTTATCAGCAGACCCTGATCATCAACTCCTTCTGACCCATTCCCAC
3,PR_2_Gapdh_1,CCGTTGAATTTGCCGTGAGTGGGGTTGAATGGGTAGATTCACCTTACAATTTTTTACATCGAGCCAGAACAGACCCTCGGGCTGGTACGTACGCAACTTCCATTCTCGGCCTTGACTGTG
4,PR_2_Gapdh_2,GCCGTTGAATTTGCCGTGAGGGGGTTGAATGGGTAGATTCACCTTACAATTTTTTACATCGAGCCAGAACAGACCCTCGGGCTGGTACGTACGCAACTTCCCATTCTCGGCCTTGACTGT
5,PR_2_Gapdh_3,TGTGCCGTTGAATTTGCCGTGGGGTTGAATGGGTAGATTCACCTTACAATTTTTTACATCGAGCCAGAACAGACCCTCGGGCTGGTACGTACGCAACTTCTTCCCATTCTCGGCCTTGAC
6,PR_3_Hprt1_1,GTCCATAATCAGTCCATGAGGGGGTTGAATGGGTAGATTCACCTTACAATTTTTTACATCTTAGGTATACACAAGAGTTCAGCTGCCCTCGCGTAACCCCCGAGCAAGTCTTTCAGTCCT
7,PR_3_Hprt1_2,TGTCCATAATCAGTCCATGAGGGGTTGAATGGGTAGATTCACCTTACAATTTTTTACATCTTAGGTATACACAAGAGTTCAGCTGCCCTCGCGTAACCCCTCGAGCAAGTCTTTCAGTCC
8,PR_3_Hprt1_3,CTGTCCATAATCAGTCCATGGGGGTTGAATGGGTAGATTCACCTTACAATTTTTTACATCTTAGGTATACACAAGAGTTCAGCTGCCCTCGCGTAACCCCCTCGAGCAAGTCTTTCAGTC
